{
    "interactions": {
        "non-media": {
            "mean": {
                "commentaires": 179,
                "partages": 637,
                "reactions": 1248
            },
            "relative": {
                "commentaires": 0.08704156063083474,
                "partages": 0.30880235576771237,
                "reactions": 0.6041560836014529
            }
        },
        "media": {
            "mean": {
                "commentaires": 133,
                "partages": 199,
                "reactions": 418
            },
            "relative": {
                "commentaires": 0.17783046615151085,
                "partages": 0.26547802222756456,
                "reactions": 0.5566915116209246
            }
        }
    },
    "reactions": {
        "non-media": {
            "mean": {
                "likes": 902,
                "love": 176,
                "haha": 113,
                "wow": 19,
                "triste": 19,
                "colere": 13,
                "solid": 2
            },
            "relative": {
                "likes": 0.723281728114188,
                "love": 0.1413555962331086,
                "haha": 0.09087866271285781,
                "wow": 0.015826763364516012,
                "triste": 0.015892749106879704,
                "colere": 0.010940955279741555,
                "solid": 0.0018235451887082834
            }
        },
        "media": {
            "mean": {
                "likes": 257,
                "love": 38,
                "haha": 33,
                "wow": 27,
                "triste": 36,
                "colere": 25,
                "solid": 0
            },
            "relative": {
                "likes": 0.6134384746096629,
                "love": 0.09240754928324613,
                "haha": 0.07918183256550863,
                "wow": 0.06572768814225621,
                "triste": 0.08716194612892594,
                "colere": 0.0604088636643442,
                "solid": 0.001673645606055948
            }
        }
    },
    "langues": {
        "non-media": {
            "relative": {
                "en": 0.797736362382618,
                "fr": 0.1286007813728128,
                "es": 0.02355353927550866,
                "others": 0.05010931696906045
            }
        },
        "media": {
            "relative": {
                "en": 0.8402583549969179,
                "fr": 0.159511162329483,
                "es": 8.576099482754e-06,
                "others": 0.00022190657411625975
            }
        }
    }
}