{
    "Int\u00e9ractions": {
        "Page non-m\u00e9diatique": {
            "mean": {
                "Commentaires": 179,
                "Partages": 637,
                "R\u00e9actions": 1248
            },
            "relative": {
                "Commentaires": 0.08704156063083474,
                "Partages": 0.30880235576771237,
                "R\u00e9actions": 0.6041560836014529
            }
        },
        "Page m\u00e9diatique": {
            "mean": {
                "Commentaires": 133,
                "Partages": 199,
                "R\u00e9actions": 418
            },
            "relative": {
                "Commentaires": 0.17783046615151085,
                "Partages": 0.26547802222756456,
                "R\u00e9actions": 0.5566915116209246
            }
        }
    },
    "R\u00e9actions": {
        "Page non-m\u00e9diatique": {
            "mean": {
                "J'aime": 902,
                "J'adore": 176,
                "Haha": 113,
                "Wouah": 19,
                "Triste": 19,
                "Grrr": 13,
                "Solidaire": 2
            },
            "relative": {
                "J'aime": 0.723281728114188,
                "J'adore": 0.1413555962331086,
                "Haha": 0.09087866271285781,
                "Wouah": 0.015826763364516012,
                "Triste": 0.015892749106879704,
                "Grrr": 0.010940955279741555,
                "Solidaire": 0.0018235451887082834
            }
        },
        "Page m\u00e9diatique": {
            "mean": {
                "J'aime": 257,
                "J'adore": 38,
                "Haha": 33,
                "Wouah": 27,
                "Triste": 36,
                "Grrr": 25,
                "Solidaire": 0
            },
            "relative": {
                "J'aime": 0.6134384746096629,
                "J'adore": 0.09240754928324613,
                "Haha": 0.07918183256550863,
                "Wouah": 0.06572768814225621,
                "Triste": 0.08716194612892594,
                "Grrr": 0.0604088636643442,
                "Solidaire": 0.001673645606055948
            }
        }
    },
    "Langues": {
        "Page non-m\u00e9diatique": {
            "relative": {
                "en": 0.797736362382618,
                "fr": 0.1286007813728128,
                "es": 0.02355353927550866,
                "others": 0.05010931696906045
            }
        },
        "Page m\u00e9diatique": {
            "relative": {
                "en": 0.8402583549969179,
                "fr": 0.159511162329483,
                "es": 8.576099482754e-06,
                "others": 0.00022190657411625975
            }
        }
    }
}